{
 "exp1_c0.0": {
  "errs": {
   "I_archive": [
    0.0023932850121794764,
    0.011440911399495027,
    0.0009993753529910902,
    0.0016933182051378256,
    0.007270157051013504,
    0.0021509782355093533,
    0.004809491788773223,
    0.0049240939777303195,
    0.006018924244945181,
    0.003284347596570097,
    0.008527640876467239,
    0.018085075234578054,
    0.002706768010522262,
    0.007004766465765788,
    0.010770050597638926,
    0.0015810900017980154,
    0.0062470139326018985,
    0.0015061988364038206,
    0.0239388003027249,
    0.0030442597607751964
   ],
   "I_window": [
    0.21463391518439442,
    0.17488948495261805,
    0.10151946692623179,
    0.08575371770064119,
    0.12526184739055057,
    0.021711522190455558,
    0.13754823813447278,
    0.11152718870489849,
    0.13168585581104655,
    0.030635690509119504,
    0.1053930627824211,
    0.05467550575885614,
    0.16899900582418784,
    0.12292047320402692,
    0.0904527483147394,
    0.09062167992888272,
    0.12797625003791302,
    0.02877367393243849,
    0.15754371340044734,
    0.07604847766287172
   ],
   "I_oracle": [
    0.0019456386957180005,
    0.006852298856645962,
    0.0014860447501688443,
    0.0018384473234825988,
    0.005271598173355075,
    0.002396153252447645,
    0.002694615236037698,
    0.005508872042703715,
    0.006309895942572864,
    0.002604181467300584,
    0.005682682031010633,
    0.0010310255144819406,
    0.002346159265669812,
    0.005080037326861486,
    0.0058824186602137755,
    0.001393264913192427,
    0.003088805016241894,
    0.0019933392312860747,
    0.007308460584880989,
    0.0032043493288753506
   ],
   "P_lineage": [
    0.02502591711941713,
    0.06701608674220814,
    0.02329136431808713,
    0.006813142536271534,
    0.017269587212491538,
    0.005820667377272481,
    0.016704484798383896,
    0.03419463300051424,
    0.021458885516208663,
    0.011630632646149868,
    0.026992694239842952,
    0.04888236943099923,
    0.018814849940193192,
    0.026989120662441555,
    0.03248706908731534,
    0.00972907451567241,
    0.022192038472222186,
    0.005587147958705497,
    0.04027344057337894,
    0.010609248638249386
   ]
  },
  "anc": [
   0.07290497055800867,
   0.16405546812938157,
   0.11779130702309552,
   0.07174216613519738,
   0.07855206212927766,
   0.03071585122135193,
   0.06309895626609877,
   0.14708171996425767,
   0.09290909943327927,
   0.05005060303013386,
   0.1401493454379879,
   0.20937667665065243,
   0.05208452656165905,
   0.1115019311929905,
   0.05905369517256125,
   0.05573238801721419,
   0.06809672917134187,
   0.02637058818660604,
   0.14034148342693578,
   0.024571071993177415
  ]
 },
 "exp1_c0.1": {
  "errs": {
   "I_archive": [
    0.32845976672096,
    1.3515998839807146,
    0.42733969773079167,
    0.16748065147287075,
    0.2937498630901571,
    0.6266685785645074,
    1.3575205271003807,
    0.6604540697972181,
    0.36210747187981274,
    0.2256668080466728,
    0.5037325565197184,
    0.23825042241657599,
    0.6829794313943076,
    0.3925126900143553,
    0.6981674684006625,
    1.5206897824923886,
    1.4323046500911993,
    0.4489701451785034,
    1.458019608597129,
    1.4171289998600374
   ],
   "I_window": [
    0.2067745406087475,
    0.6331937005274808,
    0.09372782283125472,
    0.39659271488502335,
    0.25156375528516517,
    0.2883922163083082,
    0.24298130078528896,
    0.21678429641356867,
    0.11273525409930574,
    0.06999038364311111,
    0.16965233056578127,
    0.44153091191755023,
    0.30169137635673976,
    0.24489936452019928,
    0.2245390825346202,
    0.2279319565887988,
    0.48691916668859314,
    0.1272521473717712,
    0.5383204180109303,
    0.34800834706401884
   ],
   "I_oracle": [
    0.5596299166056375,
    0.7458520360060297,
    0.6757099314240924,
    0.8274516340864579,
    0.27903710840000434,
    1.5778506377480523,
    1.169718697675779,
    0.8561181863903864,
    0.6159997066536272,
    0.4578506853269973,
    0.5289103099487573,
    0.8624992347594005,
    0.15029885464012238,
    0.6654697428354128,
    0.3169478257683452,
    0.38980333684957963,
    0.9168664661601559,
    0.5284704864539921,
    1.2292586717950247,
    1.5259998706603906
   ],
   "P_lineage": [
    0.3917826640311294,
    1.0402383757041662,
    0.41603641265203894,
    0.12760286688703323,
    0.33944551558154223,
    0.7459032886317704,
    0.8711177569546762,
    0.5667413609978854,
    0.3599860810343377,
    0.3104663755794178,
    0.4521609098002078,
    0.24226129971400145,
    0.817176187838229,
    0.34689031445539253,
    0.8746614182681532,
    1.1963692391065626,
    1.134721509487187,
    0.4673296929951901,
    1.3183836115833114,
    1.312663410066759
   ]
  },
  "anc": [
   0.8316860340067159,
   1.3707843284818624,
   0.7325020944797712,
   0.20348880569231723,
   0.4985784973808591,
   1.1218089697125235,
   1.7918411604465896,
   1.2358158075233168,
   0.7151806048490476,
   0.6377281925915962,
   0.8898828282878762,
   0.3373440349297601,
   1.2899650368479127,
   0.6885702791448979,
   1.7660473805886694,
   2.004995462615378,
   1.8436187636529653,
   0.6139047571526959,
   2.245864931446817,
   2.4655961298010576
  ]
 },
 "exp1_c0.2": {
  "errs": {
   "I_archive": [
    1.021488838799996,
    0.9720899290761481,
    1.2347470840098909,
    2.049024783726311,
    1.3331760659963316,
    0.833684589424405,
    1.491018259167872,
    1.0194937128022994,
    1.403033148305295,
    0.908196698753702,
    1.1310655232701403,
    1.534542552362126,
    0.5027025590568043,
    0.8590891656371494,
    0.6313828355853782,
    0.5584836340680447,
    1.1891081434591335,
    0.736502604616714,
    1.0001691826903354,
    0.6345715594240114
   ],
   "I_window": [
    0.47356751460979646,
    0.29158999700589394,
    0.24917316557231337,
    0.45599713315156987,
    0.4101421480366035,
    0.20392640380531896,
    0.20899669871522164,
    0.5505864085994343,
    0.11479401775160095,
    0.5267458537773044,
    0.5967840763353653,
    0.693065775894989,
    0.25127238102245725,
    0.6765552577726477,
    0.28939548420061956,
    0.2002373115676805,
    0.31406361962959295,
    0.32849329712381187,
    0.6039701582614391,
    0.353495870732893
   ],
   "I_oracle": [
    0.955604267174109,
    0.17628558769543404,
    0.5677335959310146,
    0.4950303095982804,
    0.8328147885570253,
    0.5145947559332493,
    0.8533348762018208,
    0.7114266224057572,
    0.7572248265138156,
    0.9876345743941822,
    0.35725729954585944,
    0.39660974695548035,
    0.3313945422384161,
    0.602046351526173,
    0.5289917715669387,
    0.40499710105911507,
    1.4672970872693272,
    0.23288840883841502,
    0.4465397087099706,
    0.4634930292415293
   ],
   "P_lineage": [
    0.8716946410371057,
    1.0804470093980174,
    1.419364223555961,
    2.15304614131471,
    1.0831150279863304,
    0.6859671311818305,
    1.5215371054198927,
    0.753185283498209,
    0.562646426564667,
    0.4852219624548723,
    0.8930649348707551,
    1.3937477729606926,
    0.7920417227235139,
    0.509930184908462,
    0.27948224413006195,
    0.6083961731563373,
    0.8514042817397407,
    0.44073852610788794,
    0.7473604522210482,
    0.5377682266214286
   ]
  },
  "anc": [
   1.4084883760131337,
   1.410589390632419,
   2.946522439836647,
   2.7723872877649107,
   1.9468523364218657,
   1.5170412855072566,
   2.781903786267336,
   1.2259834193674393,
   0.9931465624639857,
   1.0153595104475663,
   1.1961587810545953,
   2.234989303604533,
   1.1730476806050867,
   1.0251944042423984,
   0.9495932159690118,
   1.1228186945572327,
   1.5373195353306846,
   1.5856234045179607,
   1.2411396087128281,
   0.7674954985017591
  ]
 },